key,value,unit_or_note
overall_width,898,mm
walk_width,610,mm
riser_gap,19.5,mm
overall_length,2197,mm
jerrycan_spare,48,mm
pot_spare,12,mm
lift_height,364,mm
frame_tube_length,8.27,m
mass_empty,37.35,kg
mass_empty_assist,43.85,kg
mass_loaded,121.75,kg
mass_loaded_assist,128.25,kg
mass_empty_v01,40.85,kg
mass_options_total,1.60,kg
mass_empty_with_options,35.75,kg
x_cg,716,mm
z_cg,360,mm
crr_sand_lo,0.197,
crr_sand_hi,0.300,
fat_tire_factor,0.75,
F_firm_hi,59.7,N
F_sand_lo,236,N
F_sand_hi,358,N
F_climb_hi,178.3,N
F_desc_hi,95,N
F_firm_hi_options,58.9,N
F_climb_hi_options,175.9,N
F_sand_half_hi,234,N
F_sand_assist1_hi,257,N
thrust_needed_R3,227,N
F_sand_assist2_hi,137,N
assist_Wh_per_km_1,83,Wh/km
assist_Wh_per_km_2,158,Wh/km
assist_current_2,7.3,A
assist_range_1,5.4,km
yaw_moment,46,N m
F_park_20,247,N
hand_park_20,184,N
mu_req_park,0.41,
hand_stop_10,122,N
hand_hold_10,71,N
rail_stress,124,MPa
arm_stress,133,MPa
arm_fos,1.77,
arm_fos_15,2.16,
arm_stress_30sq,162,MPa
fatigue_range,75,MPa
frame_twist,2.02,deg
rut_accommodated,27,mm
axle_stress_cantilever,459,MPa
axle_stress_fork,86,MPa
turn_circle_inner,3.66,m
turn_circle_spin,3.41,m
tip_side,47,deg
cost_base,426.00,USD
cost_assist_kit,260.00,USD
req_R1,at risk,"84.4 kg (jerrycans), 56 kg (pots); spare length 48 mm (cans), 12 mm (pots)"
req_R2,at risk,24 to 59.7 N
req_R3,not met,236 to 358 N unassisted; 257 N worst with one motor
req_R4,at risk,178.3 N climb; hold-back hand force 71 N
req_R5,met,"3.66 m (inner rear wheel pivot), 3.41 m (spin)"
req_R6,at risk,898 mm over axle nuts
req_R7,at risk,0 mm; 610 mm; 850 to 1050 mm; both rear wheels
req_R8,met,364 mm
req_R9,not met,37.4 kg (43.9 kg)
req_R10,at risk,lock pin for parking; hand 184 N at the latch; friction needed up to 0.41
req_R11,met,$426
req_R12,at risk,"100 mm drum hubs, 26 in rims, tires, tubes, cables, headsets"
req_R13,not verifiable at TRL 3,"mounting plate, torque-arm tab, sensor boss in the model; class V1 retention by test only"
