item,qty,spec,supplier,unit_cost_usd,make_buy,notes
1 Steel tube frame with assist mounting points,1,"Mild steel RHS 40 x 30 x 1.2 mm (side rails, front risers, angled caster arms, front lower and upper cross members), square 25 x 25 x 1.5 mm (rear cross member, rear head tube brackets at two levels, cradle bearers), 30 x 30 x 1.5 mm hip bar sleeves and 20 x 20 x 1.5 mm cradle hangers, about 9.7 m in total; four head tubes 44 mm OD for EC34 cups; pin guides; skirt guard tabs; mounting points for the assist kit (receiver plate, sensor tab; the torque-arm tab is welded to the right rear fork)",Local steel stockist and welder,61.00,make,"Tube about $27 (cut list from cad/src/model.py, WWK-CAL-001 v0.3), head tubes $16, plate, tabs and guides $6, welding consumables $12; cradle carrier and two-level rear brackets added for construction (WWK-DDR-003)"
2 Rear wheel in fixed fork,2,"26 in (ETRTO 559) alloy rim, 36 spokes, 100 mm front-type drum-brake hub (70 mm drum) with reaction arm and clip, rigid 26 in steel fork with 1 1/8 in steerer and 100 mm dropouts, fitted in a headset and locked straight by a pin (item 16)",Bicycle parts dealer,52.00,buy,"Built wheel with drum hub about $40, rigid fork about $12; headset and lock are item 16; tire, tube and liner are item 14; tabs welded to the forks are items 1 and 15"
3 Front wheel on caster fork,2,"26 in alloy rim, 36 spokes, 100 mm plain hub, rigid 26 in steel fork with 1 1/8 in steerer, offset about 60 mm (the caster trail), turned to trail behind the steering axis",Bicycle parts dealer,32.00,buy,"Built wheel about $20, fork $12; headset and swivel lock are item 16; tire, tube and liner are item 14"
4 Hip bar and hand grips,1,"32 mm x 1.5 mm steel tube bar with foam pad, 25 x 25 x 1.5 mm telescopic posts 364 mm long with nine height holes and two pins (850 to 1050 mm), 22.2 mm x 1.6 mm rear-facing grip tubes, bicycle grips",Local stockist and bicycle parts dealer,18.00,make,Estimate
5 Padded cradle,1,"6 mm exterior plywood floor 780 x 430 mm, 4 mm plywood walls 160 mm high (end walls between the side walls), 14 zinc angle brackets with M4 bolts, 2 mm rubber pad cut from used inner tubes or tires, two adjustable straps, removable divider; bolted to the frame's cradle bearers with four M6 bolts",Local timber yard and market,25.00,make,Holds four 20 L jerrycans or two 20 L clay pots (WWK-DDR-001); thinner cradle (WWK-DDR-002); brackets and bolts added for construction (WWK-DDR-003)
6 20 L jerrycan,4,"User's own containers, about 360 x 175 x 430 mm",User,0.00,buy,Not purchased; shown for scale
7 Brake lever with parking latch and cables,1,"Brake lever with parking latch on the right grip, cable splitter to both rear drum hubs, two cables and housing",Bicycle parts dealer,20.00,buy,Drums are in the item 2 hubs
8 Skirt guard,2,"HDPE sheet 540 x 420 x 3 mm with a 120 mm slot for the hub, fitted between the inner fork blade and the spokes; two M6 bolts into tabs on the side rail and two rubber-lined clips with 5 mm spacers on the inner fork blade",Local market or plastics supplier,7.00,make,Clips and bolts added for construction (WWK-DDR-003)
9 Optional hub motor kit,1,"250 W 48 V geared front-type hub motor (100 mm) laced into a 26 in rim, controller with brake cut-off inputs, torque arm, mechanical disc brake for the motor wheel",E-bike parts supplier,190.00,buy,Optional; later assist prototype outside the first-prototype budget (WWK-DDR-001)
10 Optional SwapCell pack,1,"SwapCell interface v0.3 pack, 13S2P, 46.8 V nominal, about 450 Wh, 2.85 kg",SwapCell project (SwapCell BOM),0.00,make,Priced once in the SwapCell BOM (about $414) and excluded here by Amish's 2026-09-25 rule
11 Optional push sensor and controller,1,"50 kg load cell in the hip bar mount, amplifier, microcontroller, brake cut-off switch",Electronics distributor,25.00,buy,Optional; no firmware at TRL 3
12 Hardware and consumables,1,"Bolts, nyloc nuts, axle nuts, tube end caps, paint, reflectors, cable ties",Local market,22.00,buy,Estimate
13 Optional SwapCell receiver,1,"Vehicle receiver to latch class V1: side guides, over-centre preload lever (330 N), blind-mate receptacle, 10 kOhm INTERLOCK coding resistor",Self and connector distributor,45.00,make,Optional; bolts to the item 1 mounting plate; receptacle price from the SwapCell BOM
14 Tire tube and liner set,4,"26 x 2.1 to 2.4 in puncture-resistant tire, thorn-resistant tube, tire liner",Bicycle parts dealer,24.00,buy,"Tire about $14, tube $6, liner $4"
15 Parking lock pin,1,"10 mm ball-lock (detent) pin with pull ring and lanyard, about 140 mm long, through tabs with 10.5 mm holes welded to the inner and outer blades of the left rear fork; the pin passes through the skirt guard and the spokes so the wheel cannot turn, and ends inside the axle nuts",Local stockist and welder,6.00,make,Positive parking lock (WWK-DDR-002); outer tab added so the pin is held at both ends (WWK-DDR-003); the lever latch stays for short stops
16 Headset and steering lock set,4,"1 1/8 in external-cup (EC34) headset; 40 mm clamp collar with a welded 3 mm lock plate, 8.5 mm hole 45 mm from the steering axis; 8 mm steel lock pin with ring and R-clip, dropped through the plate into the pin guide on the frame (front: lifted out to let the caster swivel; rear: always in)",Bicycle parts dealer and welder,8.00,buy,"Headset about $5, collar and plate $2, pin $1; same set at all four corners (WWK-DDR-003)"
